"date","n1","n2","n3","x","y"
"2020-10-20 00:46:44",7,13,7,"c(3, 2.99472124950596, 2.97891107505678, 2.95264755133361, 2.91606028242355, 2.86932962477764, 2.81268560638882, 2.74640654917041, 2.67081740343109, 2.58628780519834, 2.49322986892756, 2.39209572983637, 2.28337485171137, 2.1675911175383, 2.04529972169489, 1.91708388371044, 1.78355140472891, 1.64533108880496, 1.50306905200949, 1.35742494301589, 1.20906809937735, 1.05867366408461, 0.906918687210219, 0.754478237499087, 0.602021548654335, 0.450208224794327, 0.299684529122158, 0.151079779256331, 0.00500287192475934, 
-0.137961041171385, -0.277253705556081, -0.412346724645724, -0.542744310594503, -0.667985808449075, -0.787647978275399, -0.901347021551896, -1.00874033984285, -1.10952801556289, -1.20345400650536, -1.29030704772182, -1.36992125629451, -1.44217643652441, -1.50699808505236, -1.56435709742555, -1.61426917960325, -1.65679396985126, -1.69203387839041, -1.72013265402874, -1.7412736888059, -1.75567807340173, -1.76360241769569, -1.76533645239981, -1.76120042911529, -1.75154233747126, -1.7367349591856, -1.71717277993436, 
-1.69326878082096, -1.66545113199275, -1.63415981155697, -1.59984317339487, -1.56295448776058, -1.52394847867759, -1.48327788210907, -1.44139004868123, -1.39872361437967, -1.35570526212347, -1.31274659645051, -1.27024115272772, -1.22856156133574, -1.18805688617527, -1.14905015561092, -1.11183610261456, -1.07667912940417, -1.04381151030563, -1.01343184490406, -0.985703771810309, -0.960754951557393, -0.938676325275146, -0.919521653879707, -0.903307340572324, -0.890012537481253, -0.879579535315187, 
-0.871914432939532, -0.866888081851387, -0.864337298628244, -0.864066336572006, -0.865848605976521, -0.86942863072548, -0.874524227289827, -0.880828890650929, -0.888014370237977, -0.895733417645184, -0.903622686695295, -0.911305765348732, -0.918396318029753, -0.924501316158402, -0.929224334045264, -0.932168886829318, -0.932941786820728, -0.931156494452613, -0.926436440049551, -0.918418292786044, -0.906755153534304, -0.891119648785271, -0.871206903466755, -0.846737371273581, -0.817459502061471, -0.783152226932828, 
-0.743627242851546, -0.698731079957115, -0.648346936197166, -0.592396265452048, -0.530840106975069, -0.463680145706364, -0.390959494825503, -0.312763193775815, -0.229218416909463, -0.140494389853668, -0.0468020126722398, 0.0516068091207021, 0.154440122659387, 0.261367169940956, 0.372019907229103, 0.485994792833214, 0.602854832618929, 0.722131870844241, 0.843329112233814, 0.965923859614538, 1.08937044994813, 1.21310337022202, 1.33654053340667, 1.45908669356497, 1.58013697821455, 1.69908051520335, 
1.81530413066913, 1.92819609411832, 2.03714988628333, 2.14156796520257, 2.24086550591494, 2.33447408927209, 2.42184531564546, 2.50245431974006, 2.57580316332017, 2.64142408339974, 2.69888257434739, 2.7477802833968, 2.7877577002309, 2.81849662261522, 2.83972238148306, 2.85120581041374, 2.85276494608457, 2.84426644800698, 2.82562672766556, 2.79681277905406, 2.75784270453179, 2.70878593189535, 2.64976312056005, 2.58094575676092, 2.50255543969982, 2.41486286257138, 2.31818649438132, 2.21289097041394, 
2.0993852010986, 1.97812021085404, 1.84958672024378, 1.7143124864431, 1.57285941858704, 1.42582048602999, 1.27381643889009, 1.11749236146738, 0.957514080205692, 0.794564448806688, 0.629339533894932, 0.46254472526951, 0.294890795256681, 0.127089931996008, -0.0401482283525026, -0.206120545501937, -0.37013427022712, -0.531510866378642, -0.689589735748698, -0.843731822468373, -0.993323074422359, -1.13777774012029, -1.27654148055862, -1.40909427683512, -1.53495311563171, -1.65367443615194, -1.76485632367586, 
-1.86814043656885, -1.96321365533854, -2.04980944416616, -2.12770891723077, -2.19674160408687, -2.25678591033224, -2.30776927180278, -2.34966800253982, -2.38250683877973, -2.40635818320349, -2.42134105563973, -2.42761975832833, -2.42540226570821, -2.41493835048079, -2.39651745940884, -2.37046635392568, -2.33714653214373, -2.29695145025217, -2.25030356257298, -2.19765120069361, -2.13946531310666, -2.07623608765358, -2.00846947978723, -1.93668367023049, -1.86140547601269, -1.78316673910917, -1.70250071699023, 
-1.61993849930474, -1.53600547467954, -1.45121787121213, -1.36607939367288, -1.28107797971764, -1.19668269654838, -1.11334079845284, -1.03147496451189, -0.951480734492772, -0.873724159556361, -0.798539682906443, -0.726228263908816, -0.657055757518737, -0.591251559088202, -0.529007522791636, -0.470477160022212, -0.41577512218401, -0.364976970350218, -0.318119232288281, -0.275199745382033, -0.236178282021958, -0.200977452101125, -0.169483875358528, -0.141549614467023, -0.116993857981435, -0.0956048405562975, 
-0.0771419862232051, -0.0613382589958725, -0.0479027036570828, -0.0365231582849632, -0.0268691189054545, -0.0185947356213471, -0.0113419186721896, -0.00474353213091557, 0.00157334765421702, 0.00798413220439807, 0.0148634032561094, 0.0225816010432602, 0.0315017422107076, 0.0419761908523535, 0.0543435058051064, 0.0689253868109636, 0.0860237414856444, 0.105917894209576, 0.128861957089749, 0.155082382036587, 0.184775711765239, 0.218106546174251, 0.255205739085439, 0.296168838756796, 0.341054783916006, 
0.389884865316916, 0.442641961006594, 0.499270051618918, 0.559674020094353, 0.623719738277557, 0.691234440878104, 0.762007385307699, 0.835790793943552, 0.912301073424949, 0.991220303681644, 1.07219798753167, 1.15485304988446, 1.23877607385585, 1.32353175945499, 1.40866158895218, 1.4936866815899, 1.57811081896831, 1.66142362122862, 1.74310385308278, 1.82262283780193, 1.89944795648605, 1.97304620929865, 2.04288781486717, 2.10844982372571, 2.16921972151413, 2.22469899764725, 2.27440665533041, 2.31788263912204, 
2.35469115672757, 2.38442387234961, 2.40670294971246, 2.42118392381889, 2.42755838157868, 2.42555643266366, 2.41494895328518, 2.39554958704867, 2.36721648860576, 2.32985379748748, 2.28341283125188, 2.22789298890262, 2.16334235742225, 2.08985801619979, 2.00758603610579, 1.91672117196617, 1.81750624919364, 1.71023124734223, 1.59523208533969, 1.47288911511357, 1.34362533224564, 1.2079043141525, 1.06622789808729, 0.919133612973973, 0.767191880712367, 0.611003004117076, 0.451193960066251, 0.288415017728702, 
0.123336202899858, -0.0433563694980326, -0.21096427181527, -0.378780625307534, -0.546094022760443, -0.712192487448057, -0.876367443513021, -1.03791767276468, -1.196153232965, -1.3503993129083, -1.5, -1.64432193659766, -1.78275784209177, -1.91472987856893, -2.03969283891053, -2.15713713732958, -2.26659158362838, -2.36762592386287, -2.45985313161582, -2.54293143570031, -2.61656607182742, -2.68051074756507, -2.73456881177762, -2.77859412165538, -2.81249160240726, -2.83621749668441, -2.8497793028162, 
-2.85323540295746, -2.84669438425513, -2.83031405812946, -2.80430018471704, -2.76890491142683, -2.72442493640385, -2.67119940946525, -2.60960758476013, -2.54006624099411, -2.46302688654441, -2.37897276815894, -2.28841570317664, -2.1918927563161, -2.08996278304968, -1.98320286240294, -1.87220464269067, -1.75757062421458, -1.63991040330329, -1.51983690226698, -1.3979626098696, -1.27489585678672, -1.15123715022221, -1.02757559140023, -0.904485399035888, -0.782522561122835, -0.662221636461775, -0.544092726300161, 
-0.428618635263913, -0.31625223944738, -0.207414078095625, -0.10249018377319, -0.00183016427688565, 0.0942544521731112, 0.185491598727385, 0.271649770809907, 0.352538840163106, 0.428010578016272, 0.497958885329751, 0.562319730049909, 0.621070793289288, 0.674230828311098, 0.721858738132023, 0.764052379451309, 0.800947102452885, 0.832714037799472, 0.859558143831511, 0.881716028586873, 0.899453562760743, 0.913063301116869, 0.922861731133584, 0.929186368811705, 0.932392722578941, 0.932851147089832, 0.930943609436671, 
0.927060390849317, 0.921596747367583, 0.914949553215871, 0.907513950694482, 0.899680030324657, 0.891829564746423, 0.884332819470035, 0.877545463027356, 0.871805598361612, 0.86743093643799, 0.864716132059074, 0.863930300735127, 0.865314734197168, 0.869080830759153, 0.875408255244191, 0.884443341597865, 0.896297749630936, 0.911047385574787, 0.928731594308011, 0.949352629233844, 0.972875403868384, 0.999227527251592, 1.02829962333017, 1.05994593249677, 1.09398519151693, 1.13020178614639, 1.16834716885128, 
1.20814153220276, 1.24927572674089, 1.29141341039977, 1.33419341497005, 1.37723231355652, 1.4201271715769, 1.46245846255496, 1.50379312879232, 1.54368776597028, 1.58169190983927, 1.61735140240791, 1.65021181444989, 1.67982190070906, 1.70573706390489, 1.72752280352345, 1.74475812542401, 1.75703888849839, 1.76398106498794, 1.765223891589, 1.76043288915842, 1.74930272966248, 1.73155992998847, 1.70696535335331, 1.67531650028953, 1.63644957255814, 1.59024129482038, 1.53661048048773, 1.47551932984937, 
1.40697445033916, 1.33102759063764, 1.2477760821956, 1.15736298370366, 1.05997692600218, 0.955851656915826, 0.84526528749366, 0.728539243124987, 0.606036924970593, 0.478162089085178, 0.345356952496402, 0.208100037337248, 0.066903765887856, -0.0776881789398507, -0.225103711558593, -0.374745402509296, -0.525993719154016, -0.67821042806119, -0.830742137778546, -0.982923959720941, -1.13408326407896, -1.2835435069835, -1.43062810464794, -1.57466432985513, -1.71498720596428, -1.85094337358462, -1.98189490519718, 
-2.10722304330536, -2.22633183815315, -2.33865166166823, -2.44364257505812, -2.54079752840842, -2.62964537169582, -2.70975365782806, -2.78073121965083, -2.84223050430887, -2.89394964990529, -2.93563429105973, -2.96707908171116, -2.9881289253332, -2.99867990461704, -2.99867990461704, -2.9881289253332, -2.96707908171116, -2.93563429105973, -2.89394964990529, -2.84223050430887, -2.78073121965083, -2.70975365782806, -2.62964537169583, -2.54079752840842, -2.44364257505811, -2.33865166166823, -2.22633183815315, 
-2.10722304330536, -1.98189490519719, -1.85094337358461, -1.71498720596428, -1.57466432985512, -1.43062810464794, -1.28354350698351, -1.13408326407895, -0.98292395972094, -0.830742137778545, -0.678210428061202, -0.525993719154021, -0.37474540250929, -0.225103711558593, -0.0776881789398509, 0.0669037658878436, 0.208100037337241, 0.345356952496401, 0.478162089085177, 0.606036924970592, 0.728539243124978, 0.845265287493648, 0.955851656915824, 1.05997692600218, 1.15736298370366, 1.24777608219559, 1.33102759063763, 
1.40697445033916, 1.47551932984937, 1.53661048048773, 1.59024129482037, 1.63644957255812, 1.67531650028953, 1.7069653533533, 1.73155992998846, 1.74930272966247, 1.76043288915841, 1.765223891589, 1.76398106498794, 1.75703888849838, 1.744758125424, 1.72752280352344, 1.70573706390488, 1.67982190070905, 1.65021181444989, 1.6173514024079, 1.58169190983927, 1.54368776597028, 1.50379312879232, 1.46245846255495, 1.42012717157691, 1.37723231355651, 1.33419341497005, 1.29141341039976, 1.24927572674089, 1.20814153220276, 
1.16834716885127, 1.13020178614639, 1.09398519151692, 1.05994593249677, 1.02829962333017, 0.999227527251589, 0.972875403868385, 0.949352629233845, 0.928731594308012, 0.911047385574788, 0.896297749630935, 0.884443341597867, 0.875408255244194, 0.869080830759157, 0.865314734197169, 0.863930300735131, 0.864716132059078, 0.867430936437995, 0.871805598361617, 0.877545463027355, 0.884332819470041, 0.891829564746429, 0.899680030324664, 0.907513950694481, 0.914949553215883, 0.921596747367591, 0.927060390849324, 
0.930943609436678, 0.932851147089832, 0.932392722578947, 0.929186368811712, 0.92286173113359, 0.913063301116876, 0.899453562760757, 0.881716028586881, 0.859558143831518, 0.832714037799478, 0.800947102452891, 0.764052379451318, 0.721858738132023, 0.674230828311105, 0.621070793289292, 0.562319730049914, 0.497958885329761, 0.42801057801627, 0.352538840163109, 0.27164977080991, 0.185491598727388, 0.0942544521731205, -0.00183016427689175, -0.102490183773188, -0.207414078095625, -0.316252239447379, -0.428618635263905, 
-0.544092726300166, -0.662221636461776, -0.782522561122833, -0.904485399035889, -1.02757559140022, -1.15123715022222, -1.27489585678672, -1.39796260986961, -1.51983690226699, -1.63991040330328, -1.75757062421459, -1.87220464269067, -1.98320286240295, -2.08996278304967, -2.1918927563161, -2.28841570317665, -2.37897276815895, -2.46302688654441, -2.54006624099411, -2.60960758476013, -2.67119940946526, -2.72442493640386, -2.76890491142684, -2.80430018471704, -2.83031405812946, -2.84669438425514, -2.85323540295746, 
-2.8497793028162, -2.83621749668442, -2.81249160240727, -2.77859412165538, -2.73456881177762, -2.68051074756508, -2.61656607182742, -2.54293143570031, -2.45985313161582, -2.36762592386287, -2.26659158362837, -2.15713713732958, -2.03969283891053, -1.91472987856893, -1.78275784209177, -1.64432193659766, -1.5, -1.35039931290831, -1.196153232965, -1.03791767276468, -0.87636744351302, -0.712192487448063, -0.546094022760453, -0.378780625307534, -0.210964271815273, -0.0433563694980322, 0.123336202899848, 
0.288415017728709, 0.451193960066254, 0.611003004117076, 0.76719188071237, 0.919133612973964, 1.0662278980873, 1.2079043141525, 1.34362533224564, 1.47288911511357, 1.59523208533968, 1.71023124734223, 1.81750624919364, 1.91672117196617, 2.00758603610579, 2.08985801619978, 2.16334235742225, 2.22789298890261, 2.28341283125188, 2.32985379748748, 2.36721648860575, 2.39554958704867, 2.41494895328517, 2.42555643266366, 2.42755838157868, 2.42118392381889, 2.40670294971245, 2.38442387234961, 2.35469115672757, 
2.31788263912205, 2.2744066553304, 2.22469899764724, 2.16921972151413, 2.1084498237257, 2.04288781486717, 1.97304620929864, 1.89944795648604, 1.82262283780192, 1.74310385308278, 1.66142362122862, 1.57811081896832, 1.4936866815899, 1.40866158895217, 1.32353175945499, 1.23877607385585, 1.15485304988446, 1.07219798753166, 0.991220303681643, 0.91230107342495, 0.835790793943558, 0.762007385307704, 0.691234440878102, 0.623719738277557, 0.559674020094352, 0.49927005161892, 0.442641961006597, 0.389884865316922, 
0.341054783916012, 0.296168838756801, 0.255205739085448, 0.218106546174253, 0.184775711765241, 0.155082382036592, 0.128861957089752, 0.105917894209582, 0.0860237414856535, 0.0689253868109734, 0.0543435058051134, 0.0419761908523605, 0.031501742210715, 0.0225816010432602, 0.0148634032561166, 0.00798413220440185, 0.00157334765422081, -0.00474353213091178, -0.0113419186721787, -0.0185947356213399, -0.0268691189054474, -0.036523158284956, -0.0479027036570757, -0.0613382589958666, -0.0771419862232026, 
-0.0956048405562953, -0.116993857981435, -0.141549614467007, -0.169483875358523, -0.200977452101118, -0.236178282021955, -0.275199745382026, -0.318119232288276, -0.364976970350219, -0.415775122184011, -0.470477160022214, -0.529007522791627, -0.591251559088194, -0.657055757518737, -0.726228263908814, -0.798539682906442, -0.873724159556358, -0.951480734492769, -1.0314749645119, -1.11334079845284, -1.19668269654838, -1.28107797971764, -1.36607939367288, -1.45121787121213, -1.53600547467954, -1.61993849930475, 
-1.70250071699023, -1.78316673910917, -1.8614054760127, -1.93668367023049, -2.00846947978724, -2.07623608765359, -2.13946531310666, -2.19765120069362, -2.25030356257298, -2.29695145025217, -2.33714653214373, -2.37046635392568, -2.39651745940886, -2.4149383504808, -2.42540226570821, -2.42761975832834, -2.42134105563974, -2.4063581832035, -2.38250683877973, -2.34966800253982, -2.30776927180279, -2.25678591033224, -2.19674160408687, -2.12770891723077, -2.04980944416617, -1.96321365533856, -1.86814043656884, 
-1.76485632367586, -1.65367443615194, -1.53495311563172, -1.40909427683512, -1.27654148055862, -1.13777774012029, -0.993323074422368, -0.843731822468379, -0.68958973574871, -0.531510866378636, -0.370134270227115, -0.206120545501938, -0.040148228352497, 0.127089931996007, 0.294890795256685, 0.462544725269511, 0.629339533894926, 0.794564448806675, 0.957514080205686, 1.11749236146739, 1.2738164388901, 1.42582048603, 1.57285941858704, 1.71431248644311, 1.84958672024378, 1.97812021085404, 2.0993852010986, 
2.21289097041393, 2.31818649438131, 2.41486286257139, 2.50255543969982, 2.58094575676092, 2.64976312056005, 2.70878593189534, 2.75784270453179, 2.79681277905405, 2.82562672766555, 2.84426644800697, 2.85276494608457, 2.85120581041374, 2.83972238148306, 2.81849662261521, 2.7877577002309, 2.7477802833968, 2.69888257434738, 2.64142408339974, 2.57580316332018, 2.50245431974006, 2.42184531564546, 2.33447408927208, 2.24086550591493, 2.14156796520257, 2.03714988628332, 1.92819609411832, 1.81530413066912, 
1.69908051520335, 1.58013697821456, 1.45908669356498, 1.33654053340666, 1.21310337022201, 1.08937044994813, 0.965923859614537, 0.843329112233828, 0.722131870844237, 0.60285483261893, 0.485994792833213, 0.372019907229106, 0.261367169940962, 0.154440122659381, 0.0516068091206987, -0.0468020126722451, -0.140494389853658, -0.22921841690945, -0.312763193775813, -0.390959494825499, -0.463680145706361, -0.530840106975062, -0.592396265452041, -0.648346936197169, -0.698731079957119, -0.743627242851536, -0.783152226932811, 
-0.817459502061455, -0.846737371273573, -0.871206903466749, -0.891119648785267, -0.906755153534304, -0.918418292786034, -0.926436440049544, -0.931156494452597, -0.932941786820716, -0.932168886829311, -0.929224334045247, -0.924501316158401, -0.918396318029742, -0.911305765348726, -0.903622686695293, -0.895733417645186, -0.888014370237969, -0.880828890650914, -0.874524227289816, -0.869428630725473, -0.865848605976517, -0.864066336572003, -0.864337298628245, -0.866888081851382, -0.871914432939529, -0.879579535315186, 
-0.890012537481249, -0.903307340572321, -0.919521653879704, -0.938676325275143, -0.960754951557391, -0.98570377181031, -1.01343184490406, -1.04381151030563, -1.07667912940418, -1.11183610261456, -1.14905015561093, -1.18805688617527, -1.22856156133574, -1.27024115272773, -1.31274659645051, -1.35570526212348, -1.39872361437967, -1.44139004868123, -1.48327788210907, -1.52394847867759, -1.5629544877606, -1.59984317339488, -1.63415981155698, -1.66545113199275, -1.69326878082096, -1.71717277993436, -1.73673495918561, 
-1.75154233747127, -1.76120042911529, -1.76533645239982, -1.7636024176957, -1.75567807340175, -1.74127368880591, -1.72013265402875, -1.69203387839042, -1.65679396985126, -1.61426917960325, -1.56435709742555, -1.50699808505236, -1.44217643652441, -1.36992125629452, -1.29030704772183, -1.20345400650537, -1.1095280155629, -1.00874033984284, -0.901347021551892, -0.787647978275398, -0.667985808449078, -0.542744310594503, -0.412346724645719, -0.277253705556081, -0.137961041171389, 0.00500287192475035, 
0.151079779256327, 0.299684529122163, 0.450208224794338, 0.60202154865434, 0.754478237499087, 0.9069186872102, 1.05867366408461, 1.20906809937736, 1.35742494301589, 1.50306905200949, 1.64533108880495, 1.78355140472891, 1.91708388371045, 2.0452997216949, 2.1675911175383, 2.28337485171136, 2.39209572983637, 2.49322986892756, 2.58628780519834, 2.67081740343109, 2.74640654917042, 2.81268560638882, 2.86932962477764, 2.91606028242354, 2.95264755133361, 2.97891107505678, 2.99472124950596, 3)","c(0, 0.16969630590797, 0.338676328987217, 0.506227763049834, 0.671646230187882, 0.834239182573204, 0.993329729907194, 1.14826036849744, 1.2983965885834, 1.44313033733156, 1.58188331586706, 1.71411008979638, 1.83930099389834, 1.95698481300911, 2.06673122259278, 2.16815297406283, 2.26090781159014, 2.34470010889012, 2.41928221631232, 2.48445551044952, 2.54007114042569, 2.58603046700231, 2.62228519264546, 2.64883718271006, 2.66573797990756, 2.67308801621847, 2.67103552837476, 2.65977518495996, 2.63954643504112, 
2.61063159004576, 2.57335365231668, 2.52807390540562, 2.47518928269393, 2.41512953234306, 2.348354197872, 2.2753494348226, 2.1966246850012, 2.11270923066777, 2.02414865177699, 1.93150120995468, 1.83533418331314, 1.73622017646875, 1.63473343022203, 1.53144615529437, 1.42692491428707, 1.32172707563891, 1.21639736281113, 1.11146452122684, 1.00743812464074, 0.904805541619879, 0.804029081684748, 0.705543339398489, 0.609752753310654, 0.517029395168656, 0.427711003215841, 0.342099271710299, 0.260458407034592, 
0.18301395893546, 0.109951933546471, 0.0414181929183326, -0.0224818561759396, -0.081683283367395, -0.13616136693183, -0.185931040293524, -0.231046057882984, -0.271597887345215, -0.307714336951096, -0.339557928858455, -0.367324030589585, -0.391238758726448, -0.4115566703629, -0.428558259284529, -0.442547275161564, -0.453847885230043, -0.462801698992901, -0.469764677389035, -0.475103948648307, -0.479194553668959, -0.482416144216816, -0.485149657549804, -0.487773991214825, -0.490662701745927, -0.494180750813044, 
-0.498681322030793, -0.504502731139032, -0.51196545161457, -0.521369276970993, -0.532990640056429, -0.547080108573585, -0.563860074829968, -0.583522656386926, -0.606227822823166, -0.632101762271399, -0.661235499736374, -0.693683777469683, -0.729464205873307, -0.768556691541842, -0.810903147145343, -0.856407485913661, -0.904935901521955, -0.956317432209107, -1.01034480599927, -1.0667755619549, -1.12533344048052, -1.18571003383311, -1.24756668618979, -1.31053663088854, -1.37422735080539, -1.43822314627177, 
-1.50208789348069, -1.5653679749883, -1.62759536269875, -1.68829083263225, -1.74696728982722, -1.80313318092262, -1.85629597131331, -1.90596566327183, -1.95165833109011, -1.99289964911462, -2.02922838853148, -2.06019985890287, -2.08538927076271, -2.10439499604599, -2.11684170374901, -2.12238334899319, -2.12070599458839, -2.11153044525612, -2.09461467587205, -2.06975603641278, -2.03679321773536, -1.99560796386949, -1.94612651815214, -1.88832079227087, -1.82220924909434, -1.74785749204412, -1.6653785556888, 
-1.57493289420591, -1.47672806634765, -1.37101811754804, -1.2581026618099, -1.13832566799566, -1.01207395710403, -0.879775419031148, -0.741896959178118, -0.59894218706344, -0.451448860817454, -0.299986103064887, -0.145151405229906, 0.0124325612844173, 0.172121307292914, 0.333252040483834, 0.49514731058382, 0.657118762195175, 0.818470971730014, 0.978505344282229, 1.13652404585298, 1.29183394608198, 1.44375054653613, 1.59160186967102, 1.73473228380759, 1.872506239856, 2.00431189606761, 2.12956460780109, 
2.24771026014524, 2.35822842224339, 2.46063530330579, 2.55448649156967, 2.63937945886284, 2.71495581493749, 2.78090329735515, 2.83695748441165, 2.88290322038104, 2.91857574421747, 2.94386151477221, 2.95869872754622, 2.96307751999449, 2.95703986441267, 2.94067914945712, 2.91413945336177, 2.87761451390723, 2.83134640215478, 2.77562390886825, 2.71078065439768, 2.6371929345769, 2.55527731688255, 2.46548800270178, 2.36831397305047, 2.2642759364632, 2.1539230990309, 2.03782977768426, 1.91659187880314, 
1.79082326506801, 1.66115203415298, 1.52821673338748, 1.39266253488122, 1.25513739581259, 1.11628822862255, 0.97675710573499, 0.837177523139994, 0.698170746732236, 0.56034226469409, 0.424278368457546, 0.290542883875037, 0.159674073183031, 0.0321817271611109, -0.0914555344192255, -0.210792737388321, -0.325420787682596, -0.4349684522607, -0.539104074654387, -0.637537015173988, -0.730018807649061, -0.816344026497239, -0.89635085986482, -0.969921386558956, -1.03698155647971, -1.09750087624753, -1.15149180369476, 
-1.19900885683526, -1.24014744483092, -1.27504243032579, -1.30386643430418, -1.32682789633788, -1.3441689047067, -1.35616281239694, -1.3631116563915, -1.36534339895688, -1.36320901079448, -1.35707941695147, -1.34734232727114, -1.33439897389977, -1.31866077895061, -1.30054597585268, -1.28047620817908, -1.2588731298558, -1.23615503059562, -1.21273351018432, -1.18901022486879, -1.16537372856198, -1.1421964308907, -1.11983169327541, -1.09861108324977, -1.07884180611097, -1.06080433174519, -1.04475023310595, 
-1.03090025134474, -1.019442601014, -1.01053152709251, -1.0042861238336, -1.00078942361999, -1.00008776213666, -1.00219042425846, -1.00706957310483, -1.01466046275283, -1.0248619331355, -1.03753718369812, -1.05251482045378, -1.06959016918454, -1.08852684568839, -1.1090585721875, -1.1308912273023, -1.15370511536931, -1.17715743935116, -1.20088496016298, -1.22450682393205, -1.24762753752462, -1.26984007162386, -1.29072906973325, -1.30987414071578, -1.32685321186748, -1.3412459190668, -1.35263701024396, 
-1.36061973827714, -1.36479921944753, -1.3647957337719, -1.3602479438787, -1.35081600959954, -1.33618457610876, -1.31606561425516, -1.29020109268734, -1.25836546246977, -1.22036793611457, -1.17605454430569, -1.12530995505775, -1.06805904162328, -1.00426818712698, -0.933946315654618, -0.857145641344443, -0.773962128908604, -0.684535660939148, -0.589049909313826, -0.487731909998829, -0.380851342535075, -0.268719517478769, -0.151688077031858, -0.0301474160313097, 0.0954751676458792, 0.224717582374549, 
0.35708529912192, 0.492053940510046, 0.629072086687148, 0.767564280612648, 0.906934213992312, 1.0465680738534, 1.18583802863591, 1.32410583169928, 1.4607265193141, 1.59505217952835, 1.72643576777382, 1.85423494471409, 1.97781591163175, 2.09655721861361, 2.20985352091598, 2.317119259179, 2.41779223960717, 2.51133709083857, 2.59724857498646, 2.67505473124572, 2.74431983151039, 2.80464712863741, 2.85568137931023, 2.89711112489374, 2.92867071522076, 2.95014206189894, 2.96135610946544, 2.96219401453262, 
2.95258802495025, 2.93252205294515, 2.90203193817531, 2.86120539863956, 2.81018166940174, 2.74915083110759, 2.67835283227922, 2.59807621135332, 2.50865652637125, 2.41047450212037, 2.30395390635191, 2.18955916845168, 2.06779275560211, 1.93919232303795, 1.80432765645281, 1.66379742594922, 1.51822577213388, 1.36825874603189, 1.21456062542438, 1.0578101309954, 0.898696566301115, 0.737915906044632, 0.576166857447567, 0.414146919655578, 0.252548466096347, 0.0920548745262535, -0.0666632708423542, -0.222951881246685, 
-0.376176946086331, -0.525727974031849, -0.671021271078311, -0.811503035193478, -0.946652248444648, -1.07598334884641, -1.19904866564585, -1.31544060334184, -1.42479356140985, -1.52678557846327, -1.62113969141332, -1.70762500208127, -1.78605744565591, -1.85630025736195, -1.91826413570068, -1.97190710262666, -2.01723406302189, -2.0542960678083, -2.08318928698653, -2.10405370079191, -2.11707151900383, -2.12246534022086, -2.1204960646082, -2.11146057522622, -2.09568920454751, -2.07354300415557, -2.04541083688146, 
-2.01170631176771, -1.97286458324316, -1.9293390367425, -1.88159788370417, -1.83012068942522, -1.77539485763842, -1.71791209590318, -1.65816488596545, -1.59664298314335, -1.533829968535, -1.47019987742516, -1.40621392669023, -1.34231736327159, -1.27893645490974, -1.21647564331212, -1.15531487877327, -1.09580715398449, -1.03827625337056, -0.98301473278215, -0.930282142765408, -0.880303506935032, -0.8332680652056, -0.789328289800075, -0.748599180066632, -0.711157840207745, -0.677043342072255, -0.646256873194599, 
-0.618762168299351, -0.594486220536241, -0.573320266784822, -0.555121039481299, -0.539712275585693, -0.526886471538006, -0.516406871358901, -0.508009673445419, -0.501406440105868, -0.496286692480963, -0.492320672219033, -0.489162250121515, -0.48645196095757, -0.483820142771156, -0.480890158275983, -0.477281675358264, -0.472613983287806, -0.466509320978372, -0.458596193539038, -0.448512653421016, -0.435909522688673, -0.420453533326961, -0.401830363038981, -0.379747544681963, -0.353937228333849, -0.324158775969978, 
-0.290201169853413, -0.251885216995717, -0.209065533419253, -0.161632293438033, -0.109512730761686, -0.0526723799059406, 0.00888395184851232, 0.07511148988026, 0.145925081083746, 0.221199070281595, 0.300767466360868, 0.38442439832807, 0.471924859501425, 0.562985736091697, 0.657287114478043, 0.754473859577069, 0.854157454842585, 0.955918092634904, 1.05930700197252, 1.16384899903805, 1.26904524426546, 1.37437618839693, 1.47930468857502, 1.5832792743388, 1.68573754232769, 1.78610965757352, 1.88382193848373, 
1.97830050199356, 2.06897494489647, 2.15528203705252, 2.23666940202717, 2.31259916072842, 2.38255151378843, 2.44602823877636, 2.50255607882879, 2.5516899999409, 2.5930162949702, 2.62615551336062, 2.65076519669111, 2.66654240138314, 2.67322599125702, 2.67059868409916, 2.65848883798126, 2.6367719647477, 2.60537195984836, 2.56426203952809, 2.51346537828037, 2.45305544141737, 2.38315600958964, 2.30394089409307, 2.21563334381386, 2.11850514667308, 2.01287543042476, 1.89910916962499, 1.77761540750878, 
1.64884520337514, 1.51328931787654, 1.37147565032347, 1.22396644373863, 1.07135527491622, 0.914263848149866, 0.753338612579945, 0.589247224266395, 0.422674875111759, 0.254320511631702, 0.0848929672931631, -0.0848929672931778, -0.254320511631703, -0.422674875111759, -0.589247224266395, -0.753338612579938, -0.91426384814988, -1.07135527491622, -1.22396644373863, -1.37147565032346, -1.51328931787654, -1.64884520337515, -1.77761540750878, -1.89910916962499, -2.01287543042475, -2.11850514667307, -2.21563334381386, 
-2.30394089409307, -2.38315600958964, -2.45305544141736, -2.51346537828037, -2.56426203952808, -2.60537195984836, -2.6367719647477, -2.65848883798126, -2.67059868409916, -2.67322599125701, -2.66654240138314, -2.65076519669111, -2.62615551336062, -2.59301629497019, -2.5516899999409, -2.50255607882879, -2.44602823877635, -2.38255151378842, -2.31259916072842, -2.23666940202717, -2.15528203705251, -2.06897494489647, -1.97830050199356, -1.88382193848373, -1.78610965757352, -1.68573754232769, -1.5832792743388, 
-1.47930468857503, -1.37437618839693, -1.26904524426546, -1.16384899903805, -1.05930700197252, -0.955918092634911, -0.85415745484258, -0.754473859577069, -0.657287114478043, -0.562985736091698, -0.471924859501431, -0.384424398328065, -0.30076746636087, -0.221199070281597, -0.145925081083749, -0.0751114898802692, -0.00888395184850965, 0.0526723799059366, 0.109512730761681, 0.161632293438028, 0.209065533419251, 0.251885216995714, 0.290201169853407, 0.324158775969972, 0.353937228333843, 0.379747544681962, 
0.401830363038975, 0.420453533326954, 0.435909522688666, 0.448512653421015, 0.458596193539031, 0.466509320978365, 0.472613983287799, 0.477281675358257, 0.480890158275983, 0.483820142771148, 0.486451960957569, 0.489162250121509, 0.492320672219026, 0.496286692480956, 0.501406440105868, 0.508009673445413, 0.516406871358896, 0.526886471538001, 0.539712275585689, 0.555121039481298, 0.573320266784819, 0.594486220536237, 0.618762168299348, 0.646256873194598, 0.677043342072248, 0.711157840207746, 0.74859918006663, 
0.789328289800074, 0.833268065205598, 0.880303506935027, 0.930282142765407, 0.983014732782151, 1.03827625337056, 1.09580715398449, 1.15531487877326, 1.21647564331213, 1.27893645490974, 1.34231736327159, 1.40621392669023, 1.47019987742517, 1.53382996853501, 1.59664298314335, 1.65816488596546, 1.71791209590318, 1.77539485763843, 1.83012068942522, 1.88159788370418, 1.9293390367425, 1.97286458324316, 2.01170631176772, 2.04541083688146, 2.07354300415558, 2.09568920454752, 2.11146057522622, 2.1204960646082, 
2.12246534022086, 2.11707151900383, 2.10405370079192, 2.08318928698654, 2.0542960678083, 2.01723406302189, 1.97190710262666, 1.91826413570069, 1.85630025736196, 1.78605744565592, 1.70762500208128, 1.62113969141332, 1.52678557846328, 1.42479356140986, 1.31544060334184, 1.19904866564585, 1.07598334884641, 0.946652248444661, 0.811503035193485, 0.671021271078309, 0.525727974031849, 0.376176946086334, 0.222951881246695, 0.0666632708423638, -0.0920548745262604, -0.252548466096351, -0.414146919655579, -0.576166857447561, 
-0.737915906044622, -0.898696566301122, -1.0578101309954, -1.21456062542438, -1.36825874603188, -1.51822577213387, -1.66379742594923, -1.80432765645281, -1.93919232303796, -2.0677927556021, -2.18955916845167, -2.30395390635191, -2.41047450212038, -2.50865652637125, -2.59807621135331, -2.67835283227922, -2.74915083110759, -2.81018166940174, -2.86120539863956, -2.90203193817531, -2.93252205294515, -2.95258802495025, -2.96219401453262, -2.96135610946544, -2.95014206189895, -2.92867071522076, -2.89711112489374, 
-2.85568137931022, -2.80464712863741, -2.74431983151039, -2.67505473124572, -2.59724857498646, -2.51133709083857, -2.41779223960717, -2.317119259179, -2.20985352091597, -2.09655721861361, -1.97781591163174, -1.85423494471409, -1.72643576777382, -1.59505217952834, -1.4607265193141, -1.32410583169928, -1.18583802863591, -1.04656807385341, -0.906934213992302, -0.767564280612645, -0.629072086687145, -0.492053940510052, -0.357085299121923, -0.224717582374538, -0.0954751676458788, 0.0301474160313118, 0.151688077031853, 
0.268719517478759, 0.380851342535082, 0.48773190999883, 0.589049909313827, 0.684535660939144, 0.773962128908593, 0.857145641344446, 0.933946315654617, 1.00426818712698, 1.06805904162327, 1.12530995505774, 1.17605454430569, 1.22036793611457, 1.25836546246976, 1.29020109268733, 1.31606561425515, 1.33618457610875, 1.35081600959954, 1.36024794387869, 1.36479573377189, 1.36479921944752, 1.36061973827713, 1.35263701024395, 1.34124591906679, 1.32685321186747, 1.30987414071577, 1.29072906973324, 1.26984007162385, 
1.24762753752461, 1.22450682393204, 1.20088496016297, 1.17715743935116, 1.15370511536931, 1.1308912273023, 1.1090585721875, 1.08852684568838, 1.06959016918454, 1.05251482045378, 1.03753718369811, 1.0248619331355, 1.01466046275283, 1.00706957310483, 1.00219042425846, 1.00008776213666, 1.00078942361999, 1.0042861238336, 1.01053152709251, 1.019442601014, 1.03090025134474, 1.04475023310596, 1.06080433174519, 1.07884180611097, 1.09861108324977, 1.11983169327541, 1.14219643089071, 1.16537372856198, 1.1890102248688, 
1.21273351018432, 1.23615503059563, 1.2588731298558, 1.28047620817908, 1.30054597585269, 1.31866077895062, 1.33439897389978, 1.34734232727115, 1.35707941695148, 1.36320901079449, 1.36534339895689, 1.36311165639151, 1.35616281239695, 1.34416890470671, 1.32682789633787, 1.3038664343042, 1.2750424303258, 1.24014744483094, 1.19900885683527, 1.15149180369477, 1.09750087624753, 1.03698155647972, 0.969921386558962, 0.896350859864814, 0.816344026497249, 0.730018807649071, 0.637537015173998, 0.539104074654401, 
0.434968452260698, 0.3254207876826, 0.210792737388326, 0.0914555344192249, -0.0321817271611048, -0.159674073183032, -0.290542883875031, -0.424278368457535, -0.560342264694073, -0.698170746732229, -0.837177523140004, -0.976757105734995, -1.11628822862255, -1.25513739581258, -1.39266253488122, -1.52821673338747, -1.66115203415299, -1.79082326506801, -1.91659187880313, -2.03782977768427, -2.1539230990309, -2.26427593646321, -2.36831397305047, -2.46548800270178, -2.55527731688256, -2.6371929345769, -2.71078065439768, 
-2.77562390886825, -2.83134640215477, -2.87761451390723, -2.91413945336177, -2.94067914945712, -2.95703986441268, -2.96307751999449, -2.95869872754623, -2.94386151477222, -2.91857574421748, -2.88290322038104, -2.83695748441165, -2.78090329735515, -2.71495581493749, -2.63937945886284, -2.55448649156967, -2.46063530330579, -2.35822842224339, -2.24771026014524, -2.12956460780109, -2.00431189606761, -1.87250623985601, -1.73473228380759, -1.59160186967101, -1.44375054653613, -1.29183394608198, -1.13652404585299, 
-0.978505344282231, -0.818470971730023, -0.657118762195172, -0.495147310583824, -0.333252040483845, -0.172121307292905, -0.0124325612844167, 0.145151405229912, 0.29998610306489, 0.451448860817451, 0.598942187063442, 0.741896959178112, 0.879775419031138, 1.01207395710403, 1.13832566799566, 1.2581026618099, 1.37101811754804, 1.47672806634765, 1.57493289420591, 1.6653785556888, 1.74785749204411, 1.82220924909433, 1.88832079227087, 1.94612651815213, 1.99560796386949, 2.03679321773536, 2.06975603641278, 
2.09461467587205, 2.11153044525611, 2.12070599458839, 2.12238334899319, 2.116841703749, 2.10439499604598, 2.0853892707627, 2.06019985890287, 2.02922838853148, 1.99289964911461, 1.9516583310901, 1.90596566327183, 1.8562959713133, 1.80313318092262, 1.74696728982722, 1.68829083263225, 1.62759536269875, 1.5653679749883, 1.50208789348069, 1.43822314627177, 1.37422735080538, 1.31053663088854, 1.24756668618978, 1.18571003383311, 1.12533344048052, 1.0667755619549, 1.01034480599927, 0.956317432209102, 0.904935901521957, 
0.856407485913665, 0.810903147145347, 0.768556691541847, 0.729464205873308, 0.693683777469686, 0.661235499736377, 0.632101762271401, 0.606227822823167, 0.583522656386933, 0.56386007482998, 0.547080108573596, 0.532990640056438, 0.521369276970999, 0.511965451614573, 0.504502731139032, 0.498681322030801, 0.494180750813049, 0.490662701745929, 0.487773991214837, 0.485149657549812, 0.482416144216835, 0.479194553668973, 0.475103948648317, 0.469764677389042, 0.462801698992903, 0.453847885230041, 0.442547275161573, 
0.428558259284533, 0.411556670362914, 0.391238758726458, 0.367324030589593, 0.339557928858471, 0.307714336951095, 0.27159788734522, 0.231046057882987, 0.185931040293526, 0.136161366931831, 0.0816832833673996, 0.0224818561759472, -0.0414181929183258, -0.109951933546463, -0.183013958935451, -0.260458407034595, -0.3420992717103, -0.427711003215844, -0.517029395168656, -0.609752753310651, -0.70554333939849, -0.804029081684745, -0.904805541619882, -1.00743812464074, -1.11146452122684, -1.21639736281114, 
-1.32172707563892, -1.42692491428707, -1.53144615529438, -1.63473343022203, -1.73622017646876, -1.83533418331315, -1.93150120995468, -2.024148651777, -2.11270923066777, -2.19662468500121, -2.27534943482261, -2.34835419787201, -2.41512953234306, -2.47518928269393, -2.52807390540564, -2.57335365231669, -2.61063159004577, -2.63954643504112, -2.65977518495997, -2.67103552837476, -2.67308801621848, -2.66573797990756, -2.64883718271006, -2.62228519264547, -2.58603046700231, -2.5400711404257, -2.48445551044952, 
-2.41928221631232, -2.34470010889012, -2.26090781159014, -2.16815297406282, -2.06673122259277, -1.95698481300912, -1.83930099389836, -1.71411008979638, -1.58188331586706, -1.44313033733156, -1.2983965885834, -1.14826036849743, -0.993329729907183, -0.834239182573198, -0.671646230187896, -0.506227763049842, -0.338676328987203, -0.169696305907963, 4.92334642205294e-16)"
"2020-10-20 00:46:45",13,-7,-3,"c(3, 2.99551224811313, 2.98207325492598, 2.95975565505814, 2.92867999787665, 2.88901398850318, 2.84097143221152, 2.78481088914702, 2.72083404820073, 2.64938383071358, 2.57084223645751, 2.4856279460291, 2.39419369538619, 2.29702343974829, 2.19462932545734, 2.08754848964781, 1.97633970869521, 1.86157991739368, 1.74386062164796, 1.62378422814963, 1.50196031503507, 1.37900186789167, 1.25552150568567, 1.13212772122911, 1.00942116068373, 0.887990966318041, 0.768411206291186, 0.65123741463721, 0.537003263869881, 
0.426217391726134, 0.319360402521867, 0.216882062413977, 0.11919870655529, 0.0266908747029725, -0.0602988096941133, -0.141467503537824, -0.216553739583649, -0.285338743533441, -0.347647464710206, -0.403349314222209, -0.452358606477736, -0.494634701892165, -0.530181850622151, -0.559048739154512, -0.581327743556434, -0.597153895145761, -0.606703566252314, -0.610192885600633, -0.607875894638912, -0.600042457856166, -0.587015941758435, -0.569150678704189, -0.546829233218924, -0.520459489709747, -0.490471581673843, 
-0.4573146835324, -0.421453687116856, -0.383365785581335, -0.343536988108869, -0.302458589215635, -0.260623616733957, -0.21852328266959, -0.176643461080986, -0.135461216918281, -0.0954414093890776, -0.0570333928892759, -0.0206678378537716, 0.0132463069514963, 0.044324690152318, 0.0722102520754188, 0.0965757194612383, 0.117125883764885, 0.133599647709874, 0.145771826341922, 0.153454690504811, 0.156499242415755, 0.154796214842164, 0.148276787262829, 0.136913014321733, 0.120717963839116, 0.0997455636186888, 
0.0740901582690965, 0.0438857792282293, 0.00930513312781768, -0.029441684450308, -0.0721087409086891, -0.118416073535792, -0.168051738917388, -0.220674090750823, -0.27591427040068, -0.333378893085322, -0.392652911249978, -0.453302635472509, -0.514878892170752, -0.576920296442759, -0.638956617579515, -0.700512214149281, -0.761109515067814, -0.820272522742617, -0.877530314214439, -0.932420516216368, -0.98449273023033, -1.03331188394145, -1.07846148597041, -1.11954676139966, -1.15619764639653, -1.18807162117017, 
-1.21485636157311, -1.23627219086537, -1.25207431449079, -1.26205482216382, -1.26604444311898, -1.26391404202632, -1.25557584481137, -1.24098438542737, -1.22013716649762, -1.19307502866518, -1.159882225442, -1.12068620232761, -1.07565708095516, -1.0250068510065, -0.968988274605153, -0.907893509832659, -0.842052461908088, -0.771830872408159, -0.6976281586757, -0.61987501725411, -0.539030806784319, -0.455580727297519, -0.37003281422162, -0.282914766682816, -0.194770630817156, -0.106157359803067, -0.0176412731777289, 
0.0702055612979247, 0.156808999413392, 0.241596521720965, 0.324000939757313, 0.40346408278009, 0.479440440623302, 0.551400738535458, 0.618835420285918, 0.681258016404083, 0.738208375149861, 0.789255734696871, 0.834001616036674, 0.872082517275902, 0.903172391290831, 0.926984890117328, 0.943275360978445, 0.951842580477586, 0.952530215200865, 0.945227998767007, 0.929872617224721, 0.906448296613674, 0.874987088463181, 0.835568850989573, 0.788320925755602, 0.733417511559938, 0.671078739318451, 0.601569453668305, 
0.525197708957728, 0.442312989165994, 0.353304163116929, 0.258597188093184, 0.158652576615935, 0.0539626427145358, -0.0549514545373809, -0.167542851108412, -0.283242281399667, -0.40146152354644, -0.521596964307084, -0.643033260430813, -0.765147072765114, -0.887310848889656, -1.00889662975011, -1.12927985561416, -1.24784314668458, -1.36398003387955, -1.47709861562863, -1.5866251170302, -1.69200732837042, -1.79271790081021, -1.88825747799991, -1.9781576434746, -2.06198366490994, -2.13933701766978, 
-2.20985767154432, -2.27322612615094, -2.32916518213931, -2.37744143709558, -2.41786649686722, -2.45029789491669, -2.4746397142475, -2.490842908416, -2.49890532013456, -2.49887139797255, -2.49083161365767, -2.47492158445864, -2.45132090707722, -2.42025171138091, -2.38197694415387, -2.33679839482127, -2.28505447679852, -2.22711777972163, -2.16339240931632, -2.09431113305262, -2.02033235099838, -1.94193691242194, -1.8596247996926, -1.77391170188156, -1.68532550117002, -1.59440269572033, -1.50168478305628, 
-1.40771462822887, -1.31303284111062, -1.2181741870665, -1.12366405499122, -1.03001500628519, -0.937723427765739, -0.847266310781084, -0.759098177917165, -0.673648177666931, -0.591317366275612, -0.51247619469148, -0.437462217147935, -0.366578036389503, -0.300089498941062, -0.238224152117575, -0.181169972692065, -0.12907437529445, -0.0820435067156594, -0.0401418303528624, -0.00339200306551568, 0.0282249552681541, 0.0547692011858598, 0.0763413197275608, 0.0930812947769026, 0.105167205166114, 0.112813655905774, 
0.116269955690486, 0.115818053545128, 0.111770249102785, 0.1044666925338, 0.0942726915651538, 0.0815758443314255, 0.0667830179738562, 0.0503171939447133, 0.0326142018736758, 0.0141193646044373, -0.00471592239081666, -0.0234376535689372, -0.0415926939119911, -0.058732253507195, -0.074415332096176, -0.0882121097817278, -0.099707260443467, -0.108503164935014, -0.11422300181155, -0.116513694162649, -0.115048692096289, -0.109530571528776, -0.0996934311750817, -0.0853050709960799, -0.0661689368345025, 
-0.0421258175501034, -0.0130552826360046, 0.0211231499487704, 0.060449124172623, 0.104920841112129, 0.154494743556222, 0.209085492712148, 0.26856623771498, 0.332769176660026, 0.401486405902777, 0.474471052417058, 0.551438682081948, 0.632068974894933, 0.716007656294763, 0.802868672035388, 0.89223659239314, 0.983669229924858, 1.07670045353496, 1.17084318026442, 1.26559252499362, 1.36042908716176, 1.45482235265586, 1.54823418821829, 1.64012240506902, 1.72994436794171, 1.81716062539437, 1.90123853707885, 
1.98165587363912, 2.05790436505674, 2.12949317357267, 2.19595226778447, 2.25683567514518, 2.31172459086971, 2.36023032218165, 2.40199704790189, 2.43670437458319, 2.46406967172373, 2.48385017003939, 2.49584480832853, 2.49989581611524, 2.49589002099528, 2.48375987142235, 2.46348416754875, 2.43508849466132, 2.39864535571766, 2.35427400147684, 2.30213995871882, 2.24245425904497, 2.17547237273481, 2.10149285408834, 2.02085570659585, 1.93394047813538, 1.84116409818947, 1.74297847078556, 1.63986783848734, 
1.53234593428576, 1.4209529396493, 1.30625226828325, 1.18882719630878, 1.06927736059655, 0.948215147870641, 0.826261997928695, 0.704044644901425, 0.582191320892077, 0.461327946593699, 0.342074333576251, 0.225040422865858, 0.110822584206485, 8.88178419700125e-16, -0.106868842632199, -0.209249528930811, -0.306634940847239, -0.398548307786215, -0.484546064011225, -0.564220494253835, -0.637202150462146, -0.703162024131101, -0.761813460267008, -0.812913800741043, -0.856265746569098, -0.89171843050724, 
-0.919168193260348, -0.938559058553678, -0.949882904300298, -0.953179329098118, -0.948535215295482, -0.936083991860549, -0.916004602263786, -0.888520184521547, -0.853896472439231, -0.812439928922135, -0.764495623978819, -0.710444871713881, -0.650702642183279, -0.585714765455496, -0.515954946575991, -0.44192161136138, -0.364134604046212, -0.283131758760541, -0.199465367625906, -0.113698568914182, -0.0264016792145021, 0.0618515061052904, 0.150487419677156, 0.238936411669262, 0.3266363977452, 0.41303644141925, 
0.497600247249742, 0.579809541937584, 0.659167321174594, 0.735200941011165, 0.807465033578319, 0.875544228198796, 0.939055660246987, 0.997651251559336, 1.05101974774618, 1.09888849940151, 1.14102497593877, 1.17723800258648, 1.20737871294467, 1.23134121142061, 1.24906294181533, 1.26052476031015, 1.26575071308955, 1.26480752082125, 1.25780377418265, 1.24488884656128, 1.22625153195341, 1.20211841792607, 1.17275200528159, 1.13844858775801, 1.09953590670298, 1.05637059716113, 1.00933544320602, 0.958836461618734, 
0.905299834155975, 0.849168709656073, 0.790899898091714, 0.730960479390848, 0.669824350405183, 0.607968733806077, 0.545870672928079, 0.484003536658628, 0.422833558388384, 0.362816432791145, 0.30439399379615, 0.247990996552745, 0.19401202547048, 0.142838549552452, 0.0948261452313378, 0.0503019057732726, 0.00956205504209343, -0.0271302179764187, -0.0595466889933319, -0.0874957792852265, -0.110823976012451, -0.129416982158005, -0.143200588095858, -0.152141258689118, -0.156246431751445, -0.15556452566654, 
-0.150184655936895, -0.140236062411532, -0.125887250909333, -0.107344854897115, -0.0848522247862399, -0.0586877542659935, -0.0291629548833663, 0.00337970820456984, 0.0385692047494832, 0.076008536112942, 0.11527752263601, 0.155935762856086, 0.197525744567862, 0.239576086678303, 0.281604889899009, 0.323123173560287, 0.363638375224832, 0.402657889328597, 0.43969262078591, 0.474260529366898, 0.505890140688885, 0.534123999858985, 0.558522044162276, 0.578664871705301, 0.594156883595652, 0.604629278060317, 
0.609742875872606, 0.609190757563834, 0.602700694133942, 0.590037354336735, 0.571004273091048, 0.545445567149813, 0.513247385833128, 0.474339086388911, 0.428694125373116, 0.376330659328788, 0.317311849977156, 0.251745871101077, 0.179785616288728, 0.101628108700169, 0.0175136160076647, -0.072275524370439, -0.167416362686278, -0.267547067983077, -0.372268922140856, -0.4811485643068, -0.593720471490178, -0.709489659515692, -0.827934587047528, -0.948510244028273, -1.07065140463254, -1.19377602372197, 
-1.31728875481432, -1.44058456675086, -1.56305243556896, -1.68407908756512, -1.80305276917108, -1.91936701906506, -2.03242441790224, -2.14164029117414, -2.24644634099502, -2.34629418306152, -2.44065876563918, -2.52904164818897, -2.61097411815613, -2.68602012549542, -2.75377901569408, -2.8138880433686, -2.86602464994636, -2.90990849048649, -2.94530319633758, -2.97201786206171, -2.98990824686249, -2.99887768262839, -2.99887768262839, -2.98990824686249, -2.97201786206171, -2.94530319633758, -2.90990849048649, 
-2.86602464994636, -2.81388804336859, -2.75377901569408, -2.68602012549543, -2.61097411815613, -2.52904164818897, -2.44065876563918, -2.34629418306151, -2.24644634099502, -2.14164029117415, -2.03242441790223, -1.91936701906505, -1.80305276917108, -1.68407908756512, -1.56305243556897, -1.44058456675085, -1.31728875481432, -1.19377602372197, -1.07065140463254, -0.948510244028274, -0.827934587047519, -0.709489659515691, -0.593720471490178, -0.481148564306809, -0.37226892214086, -0.267547067983077, -0.167416362686278, 
-0.0722755243704393, 0.0175136160076595, 0.101628108700162, 0.179785616288727, 0.251745871101076, 0.317311849977154, 0.376330659328781, 0.428694125373109, 0.474339086388909, 0.513247385833124, 0.545445567149809, 0.571004273091044, 0.590037354336727, 0.602700694133937, 0.60919075756383, 0.609742875872602, 0.604629278060313, 0.594156883595642, 0.578664871705296, 0.55852204416227, 0.534123999858979, 0.505890140688877, 0.474260529366889, 0.439692620785905, 0.402657889328591, 0.363638375224826, 0.323123173560278, 
0.281604889899005, 0.239576086678298, 0.197525744567857, 0.155935762856081, 0.115277522636012, 0.0760085361129341, 0.0385692047494789, 0.00337970820456579, -0.0291629548833702, -0.0586877542659942, -0.0848522247862466, -0.107344854897118, -0.125887250909336, -0.140236062411532, -0.150184655936897, -0.155564525666541, -0.156246431751446, -0.152141258689118, -0.14320058809586, -0.129416982158006, -0.110823976012452, -0.0874957792852246, -0.0595466889933296, -0.0271302179764179, 0.00956205504209103, 
0.0503019057732781, 0.0948261452313406, 0.142838549552455, 0.194012025470481, 0.247990996552741, 0.304393993796159, 0.36281643279115, 0.422833558388389, 0.484003536658624, 0.545870672928085, 0.607968733806087, 0.669824350405188, 0.730960479390852, 0.79089989809171, 0.849168709656072, 0.90529983415598, 0.95883646161874, 1.00933544320603, 1.05637059716113, 1.09953590670299, 1.13844858775802, 1.1727520052816, 1.20211841792608, 1.22625153195341, 1.24488884656129, 1.25780377418266, 1.26480752082125, 1.26575071308955, 
1.26052476031015, 1.24906294181533, 1.23134121142061, 1.20737871294467, 1.17723800258648, 1.14102497593878, 1.09888849940151, 1.05101974774618, 0.997651251559334, 0.939055660246986, 0.875544228198799, 0.807465033578315, 0.735200941011163, 0.659167321174594, 0.579809541937581, 0.497600247249746, 0.413036441419246, 0.326636397745194, 0.238936411669259, 0.150487419677149, 0.061851506105295, -0.0264016792145088, -0.113698568914183, -0.199465367625911, -0.283131758760537, -0.364134604046211, -0.44192161136139, 
-0.515954946575994, -0.585714765455503, -0.650702642183276, -0.710444871713882, -0.764495623978821, -0.812439928922138, -0.853896472439232, -0.888520184521549, -0.916004602263786, -0.936083991860552, -0.948535215295486, -0.95317932909812, -0.9498829043003, -0.938559058553679, -0.919168193260348, -0.891718430507241, -0.856265746569099, -0.812913800741046, -0.76181346026701, -0.703162024131097, -0.637202150462146, -0.564220494253832, -0.48454606401123, -0.398548307786218, -0.306634940847241, -0.209249528930809, 
-0.106868842632201, -1.77635683940025e-15, 0.11082258420648, 0.22504042286586, 0.342074333576256, 0.461327946593701, 0.582191320892074, 0.704044644901418, 0.826261997928697, 0.94821514787064, 1.06927736059656, 1.18882719630877, 1.30625226828326, 1.4209529396493, 1.53234593428577, 1.63986783848735, 1.74297847078556, 1.84116409818947, 1.93394047813538, 2.02085570659585, 2.10149285408833, 2.17547237273481, 2.24245425904498, 2.30213995871882, 2.35427400147684, 2.39864535571766, 2.43508849466132, 2.46348416754875, 
2.48375987142235, 2.49589002099528, 2.49989581611524, 2.49584480832852, 2.48385017003938, 2.46406967172373, 2.43670437458319, 2.40199704790189, 2.36023032218165, 2.3117245908697, 2.25683567514518, 2.19595226778446, 2.12949317357267, 2.05790436505674, 1.98165587363911, 1.90123853707885, 1.81716062539437, 1.72994436794172, 1.64012240506902, 1.54823418821828, 1.45482235265586, 1.36042908716176, 1.26559252499362, 1.17084318026442, 1.07670045353495, 0.983669229924852, 0.892236592393139, 0.802868672035389, 
0.716007656294767, 0.632068974894925, 0.551438682081948, 0.474471052417059, 0.401486405902782, 0.33276917666003, 0.268566237714979, 0.209085492712149, 0.154494743556222, 0.104920841112132, 0.0604491241726269, 0.021123149948773, -0.0130552826360003, -0.0421258175500998, -0.0661689368344965, -0.0853050709960764, -0.0996934311750788, -0.10953057152877, -0.115048692096285, -0.116513694162642, -0.114223001811544, -0.108503164935007, -0.0997072604434626, -0.0882121097817218, -0.0744153320961722, -0.0587322535071915, 
-0.0415926939119822, -0.0234376535689318, -0.0047159223908094, 0.0141193646044402, 0.0326142018736857, 0.0503171939447186, 0.0667830179738624, 0.0815758443314308, 0.0942726915651591, 0.104466692533808, 0.11177024910279, 0.115818053545134, 0.116269955690489, 0.112813655905783, 0.105167205166117, 0.0930812947769076, 0.0763413197275631, 0.0547692011858655, 0.0282249552681575, -0.00339200306551496, -0.0401418303528613, -0.0820435067156591, -0.129074375294445, -0.18116997269206, -0.238224152117576, -0.300089498941061, 
-0.366578036389503, -0.437462217147932, -0.512476194691477, -0.591317366275618, -0.673648177666933, -0.759098177917169, -0.847266310781082, -0.93772342776574, -1.0300150062852, -1.12366405499123, -1.21817418706651, -1.31303284111062, -1.40771462822886, -1.50168478305629, -1.59440269572033, -1.68532550117003, -1.77391170188156, -1.85962479969261, -1.94193691242195, -2.02033235099838, -2.09431113305262, -2.16339240931633, -2.22711777972163, -2.28505447679853, -2.33679839482127, -2.38197694415387, -2.42025171138091, 
-2.45132090707722, -2.47492158445864, -2.49083161365767, -2.49887139797255, -2.49890532013456, -2.490842908416, -2.4746397142475, -2.45029789491669, -2.41786649686722, -2.37744143709559, -2.32916518213931, -2.27322612615094, -2.20985767154432, -2.13933701766978, -2.06198366490994, -1.97815764347459, -1.88825747799991, -1.79271790081021, -1.69200732837042, -1.58662511703021, -1.47709861562862, -1.36398003387954, -1.24784314668458, -1.12927985561416, -1.00889662975011, -0.88731084888965, -0.765147072765111, 
-0.643033260430816, -0.521596964307093, -0.401461523546441, -0.283242281399655, -0.167542851108406, -0.0549514545373789, 0.0539626427145327, 0.158652576615938, 0.258597188093181, 0.353304163116932, 0.442312989165994, 0.525197708957724, 0.601569453668298, 0.671078739318452, 0.733417511559941, 0.788320925755603, 0.835568850989572, 0.874987088463179, 0.906448296613673, 0.92987261722472, 0.945227998767004, 0.952530215200863, 0.951842580477585, 0.943275360978444, 0.926984890117328, 0.903172391290828, 
0.872082517275898, 0.834001616036675, 0.789255734696866, 0.73820837514986, 0.681258016404087, 0.618835420285912, 0.551400738535458, 0.479440440623292, 0.403464082780088, 0.324000939757315, 0.241596521720959, 0.15680899941339, 0.0702055612979132, -0.0176412731777321, -0.106157359803066, -0.194770630817148, -0.282914766682822, -0.370032814221632, -0.455580727297526, -0.539030806784319, -0.619875017254103, -0.697628158675705, -0.771830872408159, -0.842052461908093, -0.907893509832659, -0.968988274605149, 
-1.02500685100651, -1.07565708095516, -1.12068620232762, -1.159882225442, -1.19307502866517, -1.22013716649761, -1.24098438542737, -1.25557584481137, -1.26391404202631, -1.26604444311898, -1.26205482216382, -1.25207431449079, -1.23627219086536, -1.2148563615731, -1.18807162117016, -1.15619764639652, -1.11954676139966, -1.07846148597041, -1.03331188394145, -0.984492730230324, -0.932420516216358, -0.877530314214429, -0.82027252274261, -0.761109515067814, -0.700512214149271, -0.638956617579514, -0.576920296442748, 
-0.514878892170748, -0.453302635472508, -0.392652911249984, -0.333378893085319, -0.275914270400668, -0.220674090750818, -0.168051738917386, -0.118416073535795, -0.0721087409086852, -0.0294416844503099, 0.00930513312782238, 0.043885779228229, 0.074090158269096, 0.0997455636186921, 0.120717963839116, 0.136913014321735, 0.148276787262827, 0.154796214842164, 0.156499242415753, 0.153454690504812, 0.145771826341922, 0.133599647709871, 0.117125883764882, 0.0965757194612317, 0.0722102520754166, 0.0443246901523164, 
0.0132463069514888, -0.0206678378537723, -0.0570333928892837, -0.095441409389083, -0.135461216918281, -0.176643461080984, -0.218523282669595, -0.26062361673397, -0.302458589215646, -0.343536988108874, -0.383365785581337, -0.421453687116859, -0.457314683532399, -0.490471581673851, -0.520459489709752, -0.546829233218923, -0.569150678704195, -0.58701594175844, -0.600042457856177, -0.607875894638921, -0.610192885600638, -0.606703566252318, -0.597153895145761, -0.581327743556434, -0.559048739154516, -0.530181850622154, 
-0.494634701892169, -0.452358606477739, -0.403349314222214, -0.34764746471021, -0.285338743533447, -0.216553739583644, -0.141467503537821, -0.0602988096941126, 0.0266908747029687, 0.11919870655529, 0.216882062413983, 0.319360402521868, 0.426217391726133, 0.537003263869874, 0.65123741463721, 0.768411206291188, 0.887990966318051, 1.00942116068373, 1.13212772122911, 1.25552150568566, 1.37900186789167, 1.50196031503508, 1.62378422814963, 1.74386062164795, 1.86157991739367, 1.97633970869522, 2.08754848964781, 
2.19462932545735, 2.29702343974828, 2.39419369538618, 2.48562794602911, 2.57084223645751, 2.64938383071358, 2.72083404820073, 2.78481088914703, 2.84097143221152, 2.88901398850318, 2.92867999787665, 2.95975565505814, 2.98207325492598, 2.99551224811313, 3)","c(0, 0.0187926950563579, 0.0371317110753159, 0.0545668473591712, 0.0706548358498731, 0.0849627475116413, 0.0970713272418568, 0.10657823423794, 0.11310116538569, 0.116280840023725, 0.115783825373916, 0.111305183002813, 0.102570917886796, 0.0893402129859513, 0.0714074336795766, 0.0486038879700114, 0.0207993300107883, -0.0120968037511447, -0.050134434722817, -0.0933221656386395, -0.141626892480731, -0.194973708016241, -0.253246098148609, -0.316286430297565, -0.383896731044723, -0.455839748321255, -0.531840291484367, 
-0.611586840743203, -0.694733415564951, -0.780901689930628, -0.869683340629148, -0.960642613189031, -1.05331908856026, -1.14723063228431, -1.24187650663742, -1.33674062510935, -1.43129492759469, -1.52500285383258, -1.61732289193996, -1.7077121783467, -1.79563012506316, -1.88054204999309, -1.96192278595037, -2.03926024414541, -2.1120589081778, -2.17984323500185, -2.24216093992, -2.29858614340106, -2.34872235841089, -2.39220529797685, -2.42870548387742, -2.45793063864635, -2.4796278444989, -2.49358545431592, 
-2.49963474145011, -2.49765127683662, -2.48755602368595, -2.46931614189884, -2.44294549625824, -2.40850486440962, -2.36610184262497, -2.31589044934424, -2.2580704284881, -2.19288625652364, -2.12062585922706, -2.04161904601194, -1.95623567156428, -1.86488353633508, -1.76800603917466, -1.66607959703932, -1.55961084824868, -1.44913365721166, -1.3352059398599, -1.21840633022184, -1.09933070962942, -0.978588620966565, -0.856799591137454, -0.734589385547777, -0.612586218850418, -0.491416946504329, -0.371703261830267, 
-0.254057923218631, -0.139081035952748, -0.0273564127572454, 0.0805519633323721, 0.184103350852539, 0.282783514441919, 0.376107820882223, 0.463624146620329, 0.544915577982885, 0.619602886659231, 0.687346764508343, 0.747849803330781, 0.800858206926707, 0.846163224524819, 0.883602296502646, 0.913059905214116, 0.934468125682665, 0.947806872894888, 0.953103844427291, 0.950434159144135, 0.939919694704115, 0.92172812859445, 0.896071689359737, 0.86320562659664, 0.82342641013151, 0.777069670574049, 0.724507895134458, 
0.666147894192708, 0.602428055606197, 0.533815405126039, 0.460802492553438, 0.38390412439769, 0.303653964788786, 0.220601027243893, 0.135306080582452, 0.0483379928248402, -0.0397299627092631, -0.128323814666715, -0.216872589797803, -0.304811973577036, -0.391587911188983, -0.476660125189128, -0.559505526736109, -0.639621498031547, -0.716529024492292, -0.78977565621096, -0.858938279427382, -0.923625680028119, -0.983480882504884, -1.03818324932591, -1.08745032729696, -1.13103942919979, -1.16874894078407, 
-1.20041934504195, -1.22593395760022, -1.24521936901085, -1.25824559169302, -1.26502591126607, -1.265616443999, -1.26011540407595, -1.24866208632413, -1.23143557195886, -1.20865316675667, -1.18056858285881, -1.1474698771234, -1.10967716057153, -1.06754009500195, -1.02143519426857, -0.971762949016855, -0.918944794849457, -0.863419944931098, -0.805642108940348, -0.746076121025822, -0.685194500021304, -0.623473965614542, -0.561391934444937, -0.499423020224258, -0.438035561931176, -0.377688203924894, 
-0.318826551457243, -0.261879924538386, -0.20725823243259, -0.15534899023185, -0.106514497981923, -0.0610892017244051, -0.0193772545770046, 0.0183497053892731, 0.0518545451936666, 0.0809363812069497, 0.105432065599147, 0.125217404695258, 0.140208100782751, 0.15036041079397, 0.155671517210464, 0.15617960849173, 0.151963668304817, 0.143142974810388, 0.129876313231956, 0.112360906884791, 0.0908310737564007, 0.0655566175986023, 0.0368409642995356, 0.00501905604033281, -0.0295449826061387, -0.0664603909190152, 
-0.105312513447484, -0.145665718097121, -0.187066471164757, -0.229046548520453, -0.271126361192992, -0.312818372818971, -0.353630585770348, -0.39307007228581, -0.430646526600546, -0.465875813899559, -0.49828349191246, -0.527408281123001, -0.552805459883351, -0.574050161199414, -0.590740548585772, -0.602500849173644, -0.60898422318654, -0.609875449970566, -0.604893411972224, -0.593793359387773, -0.576368939656508, -0.552453977525404, -0.521923993064566, -0.484697446750528, -0.440736702546237, -0.390048701780396, 
-0.332685342552173, -0.26874356134742, -0.198365115536249, -0.121736067415889, -0.0390859724540595, 0.0493132236371018, 0.143148572420786, 0.242067786370123, 0.345681168290822, 0.453563794424414, 0.565257937423567, 0.68027571378061, 0.798101938781439, 0.918197170659964, 1.04000092435188, 1.16293503410005, 1.28640714315421, 1.40981429794244, 1.53254662337616, 1.65399105538955, 1.77353510641143, 1.89057063922686, 2.0044976246064, 2.11472785816629, 2.22068861217015, 2.32182619839176, 2.41760941872586, 
2.50753288095614, 2.59112015796196, 2.6679267696618, 2.73754296814548, 2.79959630773144, 2.85375398309034, 2.89972492009399, 2.93726160566764, 2.96616164463451, 2.98626903333154, 2.99747514163396, 2.99971939693993, 2.9929896656235, 2.97732232945065, 2.95280205645667, 2.91956126778942, 2.87777930402016, 2.82768129639649, 2.76953675044933, 2.70365785125324, 2.63039750146553, 2.55014710502122, 2.46333411102766, 2.37041933397191, 2.27189406781663, 2.16827701290634, 2.06011103582542, 1.94795978343597, 
1.83240417326838, 1.71403878323589, 1.59346816428928, 1.47130310011664, 1.34815683832177, 1.22464131768078, 1.1013634160798, 0.97892124357656, 0.857900504706038, 0.738870953668833, 0.622382965401368, 0.508964244736507, 0.399116694924464, 0.293313465705324, 0.191996199911818, 0.0955724962432094, 0.00441360439706939, -0.081147632815429, -0.160818577401985, -0.234348322943142, -0.301528940757271, -0.362196437943097, -0.416231421692479, -0.463559466227843, -0.504151180703563, -0.538021978404859, -0.565231549568302, 
-0.585883042121702, -0.60012195658436, -0.608134763268967, -0.610147251770714, -0.606422624505379, -0.597259347754331, -0.58298877527936, -0.563972561073102, -0.540599879201736, -0.513284469966313, -0.482461532749074, -0.448584486913662, -0.412121622987028, -0.373552667059835, -0.333365281896983, -0.2920515286467, -0.250104313272895, -0.208013841909504, -0.166264109247282, -0.12532944381306, -0.0856711335910318, -0.047734154867819, -0.0119440264616377, 0.0212961893740673, 0.0516087190949258, 0.0786437239289854, 
0.102081742007007, 0.121635910104174, 0.137053950044219, 0.148119906423772, 0.154655624010658, 0.156521954943705, 0.153619687701401, 0.145890191700101, 0.133315773316688, 0.115919741092681, 0.093766179853609, 0.0669594354556402, 0.0356433138378787, -4.21204454945623e-16, -0.0397512955718813, -0.0833559536558276, -0.130525815056938, -0.180941288504396, -0.234253683177831, -0.290087749828978, -0.348044413043412, -0.407703675883798, -0.468627676978616, -0.530363879077657, -0.592448367193675, -0.654409233695341, 
-0.715770027114708, -0.776053240986858, -0.834783818753574, -0.891492650638242, -0.945720038437002, -0.997019104371178, -1.04495912050639, -1.08912873576308, -1.12913907821703, -1.16462671121284, -1.19525642278298, -1.22072382897269, -1.24075777291036, -1.25512250282452, -1.26361961368473, -1.26608973872269, -1.26241397876319, -1.25251505904932, -1.23635820507192, -1.21395173079697, -1.18534733461387, -1.15064010028969, -1.10996820219601, -1.06351231606296, -1.01149473849601, -0.954178220451968, 
-0.891864521797709, -0.824892695956487, -0.753637115468865, -0.678505251046268, -0.599935218363623, -0.518393108411694, -0.434370118699413, -0.348379503951848, -0.260953366180885, -0.172639305105863, -0.0839969508618007, 0.00440559825225739, 0.0919954095683015, 0.178198397463639, 0.262443028121098, 0.344164023174637, 0.42280603775544, 0.497827288591944, 0.568703108118388, 0.634929401007211, 0.696025980159234, 0.751539759956983, 0.801047785506065, 0.844160077651286, 0.880522274750757, 0.909818053514892, 
0.93177131265933, 0.946148104671372, 0.952758302638757, 0.951456990826132, 0.942145569497201, 0.924772566356859, 0.899334148915554, 0.865874334044501, 0.824484892982379, 0.775304952058326, 0.718520291399279, 0.654362345878488, 0.583106914523158, 0.505072586519778, 0.420618893822647, 0.330144202172497, 0.234083354055242, 0.132905078765073, 0.0271091862700369, -0.0827764369986566, -0.196199011008206, -0.312584203036774, -0.43133960499808, -0.551858324643654, -0.673522667362357, -0.79570788470442, -0.917785965323341, 
-1.03912944375613, -1.15911520235186, -1.27712824171203, -1.3925653952223, -1.50483896363348, -1.61338024618665, -1.71764294546998, -1.81710642403865, -1.91127879181761, -1.99969980443517, -2.0819435538934, -2.15762093436313, -2.22638186738613, -2.28791727236534, -2.34196076991566, -2.38829010742041, -2.42672829798145, -2.45714446585109, -2.47945439337887, -2.49362076648319, -2.49965311765332, -2.49760746748814, -2.4875856677711, -2.46973445105229, -2.44424419364652, -2.41134740084562, -2.37131692497423, 
-2.3244639286762, -2.27113560749333, -2.21171268737817, -2.14660671425652, -2.07625715411516, -2.00112832332459, -1.92170617001013, -1.83849492824708, -1.75201366767312, -1.66279276177649, -1.57137029862828, -1.47828845817781, -1.38408988041931, -1.2893140487645, -1.19449371281957, -1.10015137446713, -1.00679586069592, -0.914919006006888, -0.824992466457591, -0.737464686492832, -0.652758038654711, -0.571266155076284, -0.493351468348115, -0.419342977915336, -0.349534256623306, -0.284181710393617, 
-0.223503102289679, -0.167676350433897, -0.116838607379141, -0.0710856266274525, -0.0304714200423947, 0.00499179206944067, 0.0353333384139674, 0.060623563887603, 0.0809730106268439, 0.0965313190133362, 0.107485856611229, 0.114060084852208, 0.116511675055144, 0.115130387060257, 0.1102357253606, 0.102174389115838, 0.0913175338244171, 0.0780578637013149, 0.0628065749511309, 0.0459901711319555, 0.028047172668712, 0.00942474328858114, -0.00942474328859106, -0.0280471726687183, -0.0459901711319618, -0.0628065749511371, 
-0.0780578637013263, -0.0913175338244242, -0.102174389115844, -0.110235725360606, -0.11513038706026, -0.116511675055154, -0.11406008485221, -0.107485856611233, -0.0965313190133404, -0.0809730106268524, -0.0606235638876086, -0.035333338413971, -0.0049917920694435, 0.0304714200423923, 0.0710856266274462, 0.116838607379135, 0.167676350433897, 0.223503102289678, 0.284181710393617, 0.3495342566233, 0.419342977915334, 0.49335146834812, 0.571266155076285, 0.652758038654712, 0.737464686492826, 0.82499246645759, 
0.914919006006891, 1.00679586069592, 1.10015137446713, 1.19449371281957, 1.2893140487645, 1.38408988041932, 1.47828845817781, 1.57137029862828, 1.6627927617765, 1.75201366767312, 1.83849492824709, 1.92170617001013, 2.0011283233246, 2.07625715411516, 2.14660671425652, 2.21171268737817, 2.27113560749334, 2.3244639286762, 2.37131692497423, 2.41134740084562, 2.44424419364652, 2.4697344510523, 2.4875856677711, 2.49760746748815, 2.49965311765332, 2.49362076648319, 2.47945439337887, 2.45714446585109, 2.42672829798145, 
2.38829010742041, 2.34196076991566, 2.28791727236534, 2.22638186738613, 2.15762093436314, 2.0819435538934, 1.99969980443517, 1.91127879181761, 1.81710642403864, 1.71764294546998, 1.61338024618663, 1.50483896363348, 1.3925653952223, 1.27712824171204, 1.15911520235186, 1.03912944375612, 0.917785965323339, 0.795707884704418, 0.673522667362362, 0.551858324643651, 0.431339604998075, 0.312584203036772, 0.196199011008204, 0.0827764369986546, -0.0271091862700327, -0.132905078765083, -0.234083354055244, -0.330144202172498, 
-0.420618893822648, -0.505072586519774, -0.583106914523165, -0.654362345878488, -0.718520291399279, -0.775304952058324, -0.824484892982377, -0.865874334044504, -0.899334148915554, -0.924772566356858, -0.942145569497199, -0.95145699082613, -0.952758302638755, -0.94614810467137, -0.931771312659328, -0.909818053514889, -0.880522274750757, -0.844160077651283, -0.801047785506061, -0.751539759956979, -0.696025980159235, -0.634929401007205, -0.568703108118382, -0.497827288591941, -0.422806037755433, -0.34416402317464, 
-0.26244302812109, -0.178198397463639, -0.0919954095682971, -0.00440559825225673, 0.0839969508618004, 0.172639305105874, 0.260953366180887, 0.348379503951854, 0.434370118699416, 0.518393108411692, 0.599935218363627, 0.67850525104627, 0.753637115468865, 0.824892695956489, 0.891864521797705, 0.954178220451969, 1.01149473849601, 1.06351231606296, 1.10996820219601, 1.15064010028969, 1.18534733461387, 1.21395173079697, 1.23635820507192, 1.25251505904931, 1.26241397876318, 1.26608973872268, 1.26361961368473, 
1.25512250282452, 1.24075777291036, 1.22072382897269, 1.19525642278297, 1.16462671121284, 1.12913907821703, 1.08912873576308, 1.04495912050639, 0.997019104371171, 0.945720038436994, 0.891492650638237, 0.834783818753572, 0.776053240986859, 0.715770027114702, 0.654409233695341, 0.592448367193672, 0.530363879077657, 0.468627676978613, 0.407703675883787, 0.348044413043408, 0.290087749828971, 0.234253683177833, 0.180941288504395, 0.130525815056938, 0.0833559536558257, 0.0397512955718799, -8.42408909891247e-16, 
-0.0356433138378773, -0.0669594354556415, -0.0937661798536109, -0.115919741092682, -0.133315773316688, -0.145890191700099, -0.153619687701399, -0.156521954943706, -0.154655624010658, -0.148119906423772, -0.137053950044216, -0.121635910104169, -0.102081742007004, -0.0786437239289803, -0.0516087190949249, -0.0212961893740613, 0.0119440264616382, 0.0477341548678225, 0.0856711335910326, 0.125329443813063, 0.166264109247292, 0.208013841909509, 0.250104313272903, 0.292051528646704, 0.333365281896987, 0.373552667059839, 
0.412121622987033, 0.448584486913662, 0.482461532749078, 0.513284469966314, 0.540599879201741, 0.563972561073111, 0.582988775279364, 0.597259347754336, 0.606422624505383, 0.610147251770719, 0.608134763268967, 0.600121956584362, 0.585883042121703, 0.565231549568309, 0.53802197840486, 0.504151180703565, 0.463559466227845, 0.416231421692482, 0.362196437943104, 0.301528940757268, 0.234348322943141, 0.160818577401985, 0.081147632815435, -0.00441360439706173, -0.0955724962432151, -0.191996199911822, -0.293313465705322, 
-0.39911669492446, -0.508964244736501, -0.622382965401378, -0.738870953668833, -0.857900504706038, -0.978921243576552, -1.1013634160798, -1.22464131768078, -1.34815683832177, -1.47130310011665, -1.59346816428928, -1.71403878323589, -1.83240417326838, -1.94795978343597, -2.06011103582542, -2.16827701290633, -2.27189406781664, -2.37041933397191, -2.46333411102767, -2.55014710502122, -2.63039750146553, -2.70365785125325, -2.76953675044933, -2.82768129639649, -2.87777930402016, -2.91956126778942, -2.95280205645667, 
-2.97732232945065, -2.9929896656235, -2.99971939693993, -2.99747514163396, -2.98626903333154, -2.96616164463451, -2.93726160566764, -2.89972492009399, -2.85375398309034, -2.79959630773143, -2.73754296814548, -2.66792676966179, -2.59112015796196, -2.50753288095614, -2.41760941872585, -2.32182619839176, -2.22068861217015, -2.11472785816629, -2.0044976246064, -1.89057063922685, -1.77353510641142, -1.65399105538955, -1.53254662337617, -1.40981429794244, -1.2864071431542, -1.16293503410005, -1.04000092435188, 
-0.918197170659967, -0.798101938781443, -0.6802757137806, -0.565257937423563, -0.453563794424413, -0.345681168290828, -0.242067786370128, -0.143148572420784, -0.0493132236371023, 0.0390859724540602, 0.121736067415888, 0.198365115536244, 0.268743561347424, 0.332685342552167, 0.39004870178039, 0.44073670254623, 0.484697446750521, 0.521923993064564, 0.552453977525401, 0.576368939656506, 0.593793359387767, 0.604893411972219, 0.609875449970557, 0.608984223186533, 0.602500849173642, 0.590740548585771, 
0.574050161199405, 0.552805459883341, 0.527408281122992, 0.498283491912457, 0.46587581389956, 0.430646526600539, 0.39307007228581, 0.353630585770338, 0.312818372818965, 0.271126361192991, 0.229046548520446, 0.187066471164756, 0.145665718097112, 0.105312513447479, 0.0664603909190134, 0.0295449826061321, -0.00501905604033459, -0.0368409642995343, -0.065556617598607, -0.090831073756403, -0.112360906884795, -0.129876313231957, -0.143142974810388, -0.15196366830482, -0.156179608491732, -0.155671517210464, 
-0.15036041079397, -0.14020810078275, -0.125217404695258, -0.105432065599145, -0.080936381206947, -0.0518545451936657, -0.0183497053892734, 0.0193772545770012, 0.061089201724407, 0.106514497981924, 0.155348990231857, 0.207258232432595, 0.261879924538387, 0.31882655145724, 0.377688203924893, 0.438035561931183, 0.499423020224263, 0.561391934444936, 0.623473965614536, 0.685194500021309, 0.746076121025822, 0.805642108940357, 0.863419944931102, 0.918944794849455, 0.971762949016859, 1.02143519426857, 1.06754009500196, 
1.10967716057153, 1.1474698771234, 1.18056858285882, 1.20865316675667, 1.23143557195886, 1.24866208632413, 1.26011540407596, 1.265616443999, 1.26502591126607, 1.25824559169302, 1.24521936901085, 1.22593395760022, 1.20041934504195, 1.16874894078407, 1.13103942919979, 1.08745032729696, 1.03818324932591, 0.983480882504878, 0.923625680028114, 0.858938279427381, 0.789775656210967, 0.716529024492287, 0.639621498031547, 0.559505526736103, 0.476660125189127, 0.391587911188986, 0.30481197357703, 0.216872589797801, 
0.128323814666705, 0.0397299627092607, -0.0483379928248366, -0.135306080582459, -0.220601027243895, -0.303653964788783, -0.383904124397695, -0.460802492553439, -0.533815405126048, -0.6024280556062, -0.666147894192708, -0.724507895134464, -0.777069670574052, -0.823426410131518, -0.863205626596644, -0.896071689359737, -0.921728128594449, -0.939919694704118, -0.950434159144138, -0.953103844427295, -0.947806872894891, -0.934468125682668, -0.913059905214119, -0.883602296502647, -0.846163224524818, -0.800858206926708, 
-0.747849803330782, -0.687346764508348, -0.619602886659232, -0.544915577982882, -0.463624146620329, -0.376107820882228, -0.282783514441928, -0.184103350852536, -0.0805519633323748, 0.0273564127572509, 0.139081035952748, 0.254057923218625, 0.37170326183027, 0.491416946504325, 0.612586218850422, 0.734589385547775, 0.856799591137447, 0.978588620966573, 1.09933070962942, 1.21840633022184, 1.3352059398599, 1.44913365721165, 1.55961084824868, 1.66607959703932, 1.76800603917465, 1.86488353633508, 1.95623567156429, 
2.04161904601195, 2.12062585922706, 2.19288625652364, 2.2580704284881, 2.31589044934424, 2.36610184262497, 2.40850486440962, 2.44294549625823, 2.46931614189884, 2.48755602368595, 2.49765127683662, 2.49963474145011, 2.49358545431592, 2.4796278444989, 2.45793063864635, 2.42870548387742, 2.39220529797684, 2.34872235841089, 2.29858614340106, 2.24216093991999, 2.17984323500185, 2.11205890817781, 2.03926024414541, 1.96192278595037, 1.88054204999309, 1.79563012506315, 1.7077121783467, 1.61732289193995, 
1.52500285383258, 1.43129492759467, 1.33674062510935, 1.24187650663742, 1.14723063228432, 1.05331908856026, 0.960642613189019, 0.869683340629144, 0.780901689930628, 0.694733415564957, 0.611586840743203, 0.531840291484366, 0.45583974832125, 0.383896731044723, 0.316286430297566, 0.253246098148618, 0.194973708016243, 0.141626892480732, 0.0933221656386439, 0.0501344347228209, 0.0120968037511472, -0.0207993300107898, -0.0486038879700117, -0.071407433679574, -0.089340212985942, -0.10257091788679, -0.111305183002809, 
-0.115783825373912, -0.116280840023714, -0.113101165385684, -0.106578234237933, -0.0970713272418515, -0.0849627475116412, -0.070654835849868, -0.0545668473591581, -0.0371317110753015, -0.0187926950563457, 6.37063927811259e-15)"
